연관키워드,월간검색수(PC),월간검색수(모바일),월평균클릭수(PC),월평균클릭수(모바일),월평균클릭률(PC),월평균클릭률(모바일),경쟁정도,월평균노출 광고수
KTCCTV가격,230,990,4.1,60.4,1.84%,6.49%,높음,10
KTCCTV설치,150,430,3.2,19.4,2.14%,4.62%,높음,10
CCTV추천,"1,380","4,970",28.6,202.1,2.17%,4.39%,높음,10
올레CCTV,40,70,0.3,1.5,0.77%,2%,높음,10
KTCCTV렌탈,< 10,10,0.4,1.5,5.36%,11.54%,높음,7
CCTV카메라,"1,000","1,980",13.1,18.8,1.4%,1.03%,높음,8
KT홈CCTV,10,70,0.7,4.5,3.89%,6.53%,높음,10
CCTV설치비용,450,940,6.1,36.2,1.37%,4.07%,높음,10
KT인터넷CCTV,30,100,0.5,5.3,1.57%,5.28%,높음,10
KT홈캠,430,"1,540",5.4,49.8,1.35%,3.31%,높음,10
KT기가아이즈,550,450,2.2,10.6,0.44%,2.44%,높음,10
KT씨씨티비,40,190,0.3,5.8,0.74%,3.07%,높음,10
KT보안,210,330,0.4,3.2,0.25%,1.33%,높음,10
씨씨티비,600,"3,480",4.6,55.9,0.78%,1.71%,높음,10
KT가정용CCTV,20,50,0.6,6,3%,10.67%,높음,10
KTCCTV비용,10,30,0.1,2.3,0.84%,5.65%,높음,10
KTTELECOP,370,380,0.8,4,0.23%,1.11%,높음,10
KTCCTV카메라,< 10,30,0,1,-,2.78%,높음,9
KT기가CCTV,10,< 10,0.3,0.8,2.6%,8.83%,높음,7
KTCCTV요금,30,210,2,17.4,4.77%,7.57%,높음,10
KT카메라,40,80,0.4,3,1.06%,3.75%,높음,10
KT,"241,200","336,300",67.4,366.6,0.04%,0.13%,높음,10
KTGIGAEYES,90,80,0.3,2.3,0.36%,3.05%,높음,10
CCTV월요금,10,20,0.1,0.6,1.43%,2.64%,높음,7
올레KTCCTV,< 10,10,0.1,1,4.77%,12.5%,높음,7
CCTV요금,< 10,20,0.5,0.8,9.76%,3.13%,중간,8
지능형CCTV가격,< 10,< 10,0.3,0.3,3.64%,4.55%,중간,6
CCTV월사용료,< 10,< 10,0.6,0.3,8.17%,3.58%,높음,7
GIGAEYES,350,410,1.1,2.3,0.35%,0.6%,중간,3
KTCCTV설치비용,30,230,1.4,14.7,5.39%,8.68%,높음,10
KT경비,10,20,0.8,0.9,6.58%,4.29%,중간,6
CCTV전용회선,10,< 10,0,0,-,-,높음,3
KT홈카메라,10,50,0.4,1.5,3.08%,2.42%,높음,10
KTCC,80,70,1,3,1.28%,3.9%,높음,7
KT도어가드,< 10,10,0,0.3,-,1.59%,높음,3
KT텔레캅가입,< 10,10,0.9,0.8,28.58%,5.77%,높음,7
KT텔레캅지문인식기,< 10,< 10,0.3,0,8.34%,-,높음,3
기가아이즈,"2,880","1,310",5.3,15.9,0.21%,1.34%,중간,8
KT올레,"4,140","2,140",0.9,4.4,0.03%,0.23%,높음,10
KT텔레캅가격,10,30,0,1.5,-,4.84%,높음,7
LG캠,< 10,10,0,0.5,-,2.5%,높음,3
SK캠,< 10,10,0.5,0,12.5%,-,중간,2
개인용CCTV,< 10,20,0.3,1,4.09%,4.77%,높음,7
방범업체,20,50,0.3,1,1.37%,1.97%,높음,7
안심캠,< 10,20,0,0.3,-,1.07%,높음,9
엘지유플러스홈캠,50,170,0.5,4.8,1.12%,2.87%,높음,8
인터넷전화가입,50,70,2.1,5.2,4.29%,7.65%,높음,10
KT텔레캅비용,10,40,0,1.1,-,2.59%,중간,7
KT자가경비,60,110,1.1,8.4,1.68%,6.49%,중간,8
SKCLOUDCAM,< 10,< 10,0.4,0,11.12%,-,중간,2
KT텔레캅기가아이즈,10,10,0,0,-,-,중간,4
경주CCTV설치,10,20,0.3,1.3,3.34%,4.81%,높음,10
케티텔레캅,< 10,< 10,0,0.3,-,8.34%,높음,7
홈캠KT,< 10,40,0.3,3.5,2.6%,7%,높음,7
KT방범,10,20,0.9,2,4.5%,7.15%,높음,10
KT텔레캅요금,30,130,0.7,8.9,2.92%,7.43%,높음,10
FHDCCTV,< 10,< 10,0,0,-,-,높음,3
CCTV월비용,< 10,< 10,0.6,1.1,14.29%,11.43%,높음,7
씨씨티비설치비용,50,480,0.6,28,1.08%,6.15%,높음,10
KTCCTV인터넷,10,30,0.7,1,5.11%,4.17%,높음,7
CCTV설치비,60,70,0.3,1.9,0.5%,2.89%,높음,10
KT보안카메라,< 10,10,0.1,2.3,2%,13.24%,높음,10
KT세콤,< 10,20,0,0,-,-,중간,6
KTCCTV결합,< 10,10,0.7,0,33.34%,-,높음,3
KT텔레캅가정용,< 10,< 10,0,0.3,-,3.71%,높음,7
CCTVKT,40,50,0.8,0.5,2.08%,1%,높음,9
KT시시티비,< 10,20,0,0,-,-,높음,7
매장CCTV가격,< 10,10,0,1.4,-,12.83%,높음,7
KT기가아이,< 10,20,0.7,0.5,7.15%,2.78%,높음,7
SK텔레캅,30,70,0.3,2,0.84%,3.47%,높음,9
KTCTV,< 10,< 10,0.3,0,5.56%,-,높음,3
케이티기가아이즈,20,30,0,1.3,-,3.58%,높음,9
KT보안업체,60,100,0.6,7.8,1.04%,7.32%,높음,10
올래CCTV,< 10,< 10,0,0.3,-,5.56%,높음,7
CCTV사용료,< 10,< 10,0.3,0,4.77%,-,높음,7
KTOLLEHCCTV,< 10,< 10,0,0,-,-,높음,7
현관문카메라,60,260,0.8,9.5,1.18%,4%,높음,8
KT지능형CCTV,< 10,< 10,0,0,-,-,높음,7
감시장비,< 10,20,0,0.3,-,1.32%,중간,5
올레CCTV텔레캅,10,20,0,0.3,-,1.14%,중간,8
KT캅,10,10,0.4,0.5,2.55%,3.13%,높음,7
KT텔레콤CCTV,10,20,0.4,1,4.77%,4.77%,높음,7
CCTV통신사,< 10,10,0.1,1.6,1.79%,10.17%,높음,7
세콤가정용,< 10,10,0,0,-,-,높음,3
세콤출퇴근,10,< 10,0.1,0,0.91%,-,높음,7
에스원가정용,< 10,10,0,0,-,-,높음,3
MGV,110,240,0,0,-,-,높음,7
단독주택CCTV설치,10,40,0.2,1.8,1.54%,3.65%,높음,10
올레텔레캅,10,10,0.4,0.8,4.77%,6.98%,높음,7
CCTV비용,70,270,1.1,8.8,1.55%,3.43%,높음,7
케이티텔레캅CCTV,30,30,0.1,3,0.29%,5.46%,높음,10
올레씨씨티비,< 10,< 10,0,0,-,-,높음,7
KTCCTV고객센터,180,650,4.7,52.1,2.87%,8.79%,중간,6
KT텔레캅CCTV,610,"1,020",3.8,26.8,0.65%,2.74%,높음,10
CCTV카메라가격,20,140,0.6,8.5,3.13%,7.15%,높음,8
KT무인경비,< 10,< 10,0,0,-,-,높음,7
CCTV연결,20,70,0.3,0.8,1.3%,1%,높음,7
IOT홈CCTV,< 10,< 10,0,0,-,-,높음,7
CCVT,40,80,0.1,1.3,0.31%,1.4%,높음,7
CCTV견적,70,120,1.8,6,2.47%,5.89%,높음,10
영천CCTV,10,40,0,2.3,-,5.12%,높음,7
텔레캅홈가드,< 10,< 10,0,0,-,-,낮음,0
MGV보안시스템,10,10,0,0,-,-,중간,2
OLLEHCCTV,< 10,< 10,0.3,0,14.29%,-,높음,7
KT감시카메라,< 10,20,0.3,2.5,7.15%,12.5%,높음,7
CCTV설치가격,40,150,0.7,8.8,1.4%,6.29%,높음,10
TELECOP,10,30,0,0,-,-,낮음,0
주택보안,10,50,0.3,2,2.73%,4.09%,높음,10
시골CCTV설치,10,40,0.4,3.8,3.58%,7.08%,높음,7
자취방CCTV,10,30,0.4,0,3.41%,-,높음,8
KT캅스,40,100,1,6.3,2.31%,6.58%,높음,10
KT캡스,70,140,0.9,9.4,1.34%,5.95%,높음,10
브이캠,10,10,0,0.9,-,5.56%,중간,1
DVR카드,< 10,< 10,0,0,-,-,높음,3
S1CCTV,20,20,0.1,2.3,0.65%,9.1%,높음,7
캡스비용,130,550,2.6,14,2.19%,2.67%,높음,10
블루투스CCTV,20,110,0.6,2.3,2.28%,2.13%,높음,10
CCTV설치기사,20,80,0.6,3.3,2.61%,4.34%,높음,10
엘지유플러스CCTV,60,130,1.6,5.2,2.59%,4.1%,높음,10
CC티비,10,60,0,1.3,-,2.3%,높음,7
씨씨티비설치,50,370,0.5,19.2,0.95%,5.03%,높음,10
헬로CCTV,< 10,10,0,0.3,-,2.39%,높음,3
CCTV렌탈비용,30,120,0.5,13,1.48%,10.49%,높음,10
업소용CCTV설치,< 10,20,0,2.6,-,9.38%,높음,9
자가경비,< 10,< 10,0,0.5,-,10%,낮음,0
가정보안,< 10,10,0,1.5,-,8.83%,높음,7
CCTV설치하기,< 10,< 10,0,0.3,-,4.17%,높음,8
CCTV카메라설치,30,40,0.3,0.3,0.68%,0.53%,높음,8
주차장CCTV설치,10,30,0.1,2.8,0.9%,9.17%,높음,7
씨씨티비가격,10,60,0.1,2.8,0.73%,4.6%,높음,10
아파트CCTV설치비용,10,10,0.9,0.3,7.8%,2.13%,높음,7
CCTV설치견적,20,20,1,0.8,4%,4.45%,높음,7
씨씨티브,< 10,30,0,1.2,-,3.43%,높음,10
CCTV실내,10,10,0,0,-,-,중간,6
LG유플러스지능형CCTV,10,< 10,0.1,0,1.43%,-,높음,7
KT보안서비스,< 10,10,0,0.8,-,4.92%,중간,5
에스원카메라,20,20,0.2,0.3,1.14%,1.21%,중간,5
시시티브,< 10,20,0.6,1.5,19.05%,6%,높음,7
CCTV가입,10,10,0,0.3,-,1.93%,높음,7
LG홈캠,180,900,0.8,18.5,0.42%,1.98%,높음,8
감시카메라가격,40,80,0.2,2.8,0.44%,3.72%,높음,10
CCTV업체추천,30,80,0.9,4.6,2.73%,5.17%,높음,10
인터넷CCTV설치,10,20,0.6,2.3,5%,8.04%,높음,10
ADTCCTV,70,140,0.1,3.5,0.16%,2.58%,높음,10
업소용CCTV,60,300,0.7,9,1.19%,3.3%,높음,10
외부CCTV설치,30,60,1,2.8,2.86%,3.72%,높음,8
열감지CCTV,10,20,0,0.3,-,1.09%,높음,7
CCTV시공,10,10,0.3,0.3,1.91%,2.09%,높음,7
매장CCTV설치,50,90,1.9,3.8,3.56%,4.11%,높음,10
CCTV설치업체,250,420,4.3,26.2,1.65%,6.62%,높음,10
시시티비설치,10,280,0.1,18.8,0.48%,6.65%,높음,10
제주CCTV설치,10,50,0.4,2,2.86%,4%,높음,10
보안카메라설치,10,60,0.5,1.5,4.28%,2.46%,높음,10
홈씨씨티비,120,660,0.9,19.5,0.71%,3.03%,높음,8
시시티비,180,670,0.4,11.5,0.24%,1.74%,높음,7
CCTV가격비교,70,20,0.5,1.8,0.77%,7.85%,높음,9
CCTV사무실설치,< 10,< 10,0,0,-,-,높음,7
CC티비설치,< 10,110,0.1,9.2,1.43%,7.74%,높음,10
농장CCTV설치,< 10,20,0,1.5,-,9.38%,높음,7
문앞CCTV설치,10,40,0.1,1.5,0.97%,3.95%,높음,8
사업장CCTV설치,10,20,0.6,0,3.18%,-,높음,7
집앞CCTV설치,20,60,0.5,2.8,3.11%,4.59%,높음,9
클라우드캠,40,50,0.3,1,0.61%,1.93%,높음,7
집CCTV설치,10,40,0.7,1.8,6.37%,4.29%,높음,10
CCTV설치추천,10,10,0.3,0.8,2.6%,4.69%,높음,7
실내CCTV설치,10,70,0.7,2.4,4.12%,3.44%,높음,10
가정용보안,< 10,< 10,0.3,0,7.15%,-,높음,7
CC카메라,220,390,2.1,9.2,0.88%,2.53%,높음,10
CCTV설치방법,90,210,0.9,8.3,0.93%,4.33%,높음,10
상가CCTV설치,20,30,0.5,1.4,2%,3.98%,높음,10
택배CCTV,20,50,0.1,0,0.6%,-,높음,8
가정용CCTV가격,10,170,0.3,10.4,2.15%,6.2%,높음,10
홈CCTV,810,"3,360",6.3,79,0.8%,2.45%,높음,8
LG이노텍CCTV,< 10,< 10,0.3,1,16.67%,9.53%,높음,3
CCTV설치회사,30,10,0.4,0.8,1.16%,7.5%,높음,7
매장CCTV,260,680,4.2,27.6,1.55%,4.38%,높음,10
녹화용CCTV,10,30,0,0,-,-,높음,8
건물CCTV설치,20,50,0.8,1.2,3.34%,2.32%,높음,10
어린이집CCTV설치,< 10,10,0.1,0.3,1.43%,1.93%,높음,7
외부용CCTV,50,110,0.5,2,1.09%,2%,높음,8
사무실CCTV설치,110,110,1.2,5.4,1.12%,4.5%,높음,10
엘지홈캠,70,430,0.1,7.5,0.22%,1.79%,높음,7
CCTV녹화기수리,< 10,10,0.1,0,2.05%,-,높음,7
케이티캅,< 10,< 10,0,0,-,-,높음,3
현관씨씨티비,20,170,0.7,6,2.26%,3.66%,높음,10
CCTB,< 10,< 10,0,0,-,-,높음,8
방범용CCTV설치,10,30,0.1,1,0.54%,2.86%,높음,9
야외CCTV설치,10,50,0.2,1.9,1.36%,4.24%,높음,9
캡스웹관제,"3,560",90,8.4,0,0.26%,-,중간,3
가짜카메라,20,60,0,1.5,-,2.39%,높음,8
감시카메라설치,10,90,0,4.9,-,5.53%,높음,9
CCTV2채널,20,60,0.1,0.5,0.61%,0.81%,높음,7
CCTV직접설치,< 10,< 10,0.1,0.3,2.09%,3.58%,높음,8
집보안,10,50,0,0.5,-,1.03%,높음,10
CC카메라설치,10,110,0.5,7.8,4.17%,6.71%,높음,10
가정용CCTV설치비용,10,50,0,4.3,-,8.11%,높음,10
CCTV출장설치,< 10,< 10,0.3,0.8,9.53%,10.72%,높음,7
스카이라이프CCTV,30,110,0.5,5,1.97%,5.16%,높음,9
승강기CCTV설치,< 10,< 10,0,0,-,-,높음,7
클라우드CCTV,30,50,0.6,3,2.02%,5.46%,높음,8
김포CCTV설치,30,50,0,0.3,-,0.47%,높음,10
공장CCTV설치,10,40,0,1.8,-,4%,높음,10
아파트CCTV설치,50,140,0.7,3.7,1.6%,2.78%,높음,10
빌라CCTV설치,30,120,0.5,4.4,1.52%,3.26%,높음,10
카메라설치,30,160,1.5,7,4.06%,4.46%,높음,8
원룸CCTV설치,10,70,0.4,4,2.23%,6.16%,높음,10
CCTV적외선카메라,10,< 10,0,0,-,-,높음,7
김해CCTV설치,10,20,0.7,0,7.58%,-,중간,7
가정용외부CCTV,< 10,30,0,0.5,-,1.79%,높음,8
CCTV어플,50,330,0,1,-,0.33%,높음,9
현관보안,10,100,0.1,3.3,0.91%,3.19%,높음,10
아이피카메라,70,160,0.1,6.5,0.14%,1.61%,높음,8
CCTV8채널,90,210,0.6,2.5,0.68%,1.2%,높음,8
주택CCTV설치,30,110,0.1,5.8,0.34%,5.38%,높음,10
CCTV도어락,10,70,0,1.7,-,2.28%,높음,9
학원CCTV설치,20,50,0.4,2.6,2%,4.73%,높음,10
독서실CCTV,10,40,0,0,-,-,높음,7
빌라CCTV설치비용,< 10,20,0.1,0.5,2.86%,2.18%,높음,7
펜션CCTV,< 10,20,0,0,-,-,높음,7
CCTVMART,< 10,< 10,0,0,-,-,높음,3
현관문CCTV설치,10,40,0.1,2.2,0.72%,6.29%,높음,10
자취CCTV,< 10,40,0,0.3,-,0.7%,높음,8
매장용CCTV,60,100,0.7,3.2,1.15%,3.79%,높음,10
집카메라,20,110,0.4,0.5,1.88%,0.46%,높음,8
보안CCTV,20,60,0.6,2.6,2.07%,3.67%,높음,10
가정용CCTV설치,20,70,0.1,3.6,0.63%,5%,높음,10
CCTV중고,20,50,0.3,2,1.47%,4.35%,높음,9
무인매장CCTV,20,60,0.8,2.5,2.76%,3.63%,높음,10
기업CCTV,10,< 10,0,0.3,-,4.17%,높음,7
카페CCTV,50,90,1.2,2,2.5%,2.28%,높음,10
CCTV인터넷,30,80,0.7,2.4,2%,2.86%,높음,10
통신사CCTV,20,70,0.2,4.7,0.77%,6.22%,높음,10
실외CCTV설치,10,40,0,1.3,-,2.8%,높음,10
현관CCTV설치,60,250,1.4,13.2,2.09%,5.39%,높음,10
간편CCTV,< 10,< 10,0,0,-,-,높음,3
사장마켓,110,150,5.8,9.5,6.42%,6.97%,중간,5
CCTV4채널,60,200,0.5,1.8,0.77%,0.91%,높음,8
대전CCTV설치,20,80,0.9,3.5,3.11%,4.5%,높음,10
가정용CCTV추천,60,160,1.9,4.5,3.03%,3.17%,높음,8
씨씨티브이,30,50,0,1.8,-,3.5%,높음,7
홈켐,190,940,5.3,31.2,2.61%,3.18%,높음,7
CCTV와이파이,20,80,0.8,0.3,3%,0.32%,높음,8
마산CCTV,10,90,0.1,0,1.3%,-,높음,7
KT텔레캅고객센터,740,"1,580",2.8,12,0.4%,0.81%,중간,8
KT현관CCTV,20,140,1.3,9.5,5.54%,6.06%,높음,10
학원CCTV,70,160,1.2,4,1.7%,2.34%,높음,10
현관앞CCTV,50,370,0.8,9.2,1.36%,2.72%,높음,10
미용실CCTV,< 10,40,0.1,0.9,1.67%,2.03%,높음,10
360도카메라,410,"1,240",1.8,16.3,0.45%,1.35%,높음,8
자가설치CCTV,40,50,0.6,1.5,2.16%,2.47%,높음,8
CCTV구매,50,90,1.1,4,1.98%,4.77%,높음,8
오피스텔CCTV,< 10,60,0,0.3,-,0.4%,높음,10
가정CCTV,40,160,0.3,10.8,0.59%,6.37%,높음,8
건물CCTV,20,70,0.3,1.9,1.06%,2.73%,높음,7
광진구CCTV,30,70,0.2,0.5,0.63%,0.75%,높음,9
구로CCTV,10,20,0,0,-,-,높음,7
여의도CCTV,100,150,0,0,-,-,중간,5
중랑구CCTV,20,70,0.1,1,0.51%,1.36%,높음,9
공장CCTV,50,60,2,1,3.64%,1.54%,높음,7
상가CCTV,70,210,1.1,8,1.45%,3.67%,높음,10
CCTV쇼핑몰,10,< 10,1,0,8.34%,-,높음,7
CCTV임대,20,40,0.6,3.2,2.4%,7.81%,높음,10
실외CCTV,430,"1,340",6,26.8,1.58%,2.2%,높음,8
방범CCTV,80,150,0,1,-,0.68%,높음,10
시시티브이,50,110,0.3,5.3,0.42%,4.87%,높음,8
인터넷CCTV,50,140,1.3,10,2.46%,7.3%,높음,10
스마트폰CCTV,560,"4,190",7.5,140,1.39%,3.54%,높음,8
빌라CCTV,40,120,0.3,2.8,0.82%,2.48%,높음,10
CCTV자가설치,250,320,1.6,6.5,0.68%,2.2%,높음,8
사설CCTV,20,30,0.5,1.7,2.64%,5.27%,높음,10
개인CCTV설치,10,20,0.1,1,1.2%,4.35%,높음,7
사무실CCTV추천,20,20,0.1,1.5,0.66%,5.56%,높음,8
실외용CCTV추천,< 10,20,0,0.8,-,3.85%,높음,7
야외CCTV추천,10,10,0,0,-,-,높음,7
외부CCTV추천,10,40,0.3,1.8,2.39%,4.73%,높음,8
HD-SDI,60,10,0.1,0.3,0.18%,1.39%,높음,8
식당CCTV,50,120,0.4,4,0.94%,3.51%,높음,10
도로CCTV,"15,700","59,300",6,54.6,0.05%,0.1%,중간,6
돔카메라,210,110,1.1,1.3,0.56%,1.17%,높음,8
CCTV회사,40,90,0.4,1.8,1.03%,1.69%,높음,10
무선CCTV설치,20,70,0.5,3,1.93%,4.17%,높음,8
창고CCTV설치,10,40,1,2.8,8.34%,7.19%,높음,7
군산CCTV설치,< 10,20,0.4,1,6.13%,5.27%,높음,7
의정부CCTV설치,< 10,40,0,0.5,-,1.09%,낮음,0
충주CCTV설치,10,20,0.2,1.8,2.28%,7.61%,높음,9
단독주택CCTV,60,140,1.1,5.4,1.75%,3.49%,높음,10
CCTV대여,20,40,1.2,2.1,5.72%,4.7%,높음,10
감시카메라,450,"1,540",8.1,43.5,1.85%,3.02%,높음,8
중국CCTV,520,"1,620",0.5,2.3,0.11%,0.15%,높음,10
가게CCTV추천,10,60,0.1,2.7,0.67%,5.71%,높음,10
경비업체순위,90,280,0.9,8,0.96%,2.87%,높음,10
공장경비,10,40,0,0.5,-,1.57%,높음,10
방범설비,< 10,< 10,0,0,-,-,높음,3
방범회사,< 10,10,0,1,-,9.1%,높음,7
보안경비업체,40,40,2,1.2,5%,3.08%,높음,10
울산경비업체,< 10,30,0.7,3,10.45%,8.34%,높음,10
침입방지시스템,40,10,0.1,0,0.24%,-,높음,9
CCTV녹화,30,90,0,0.8,-,0.82%,높음,9
지하철CCTV,40,250,0,0,-,-,높음,3
하이트론CCTV,< 10,10,0,0,-,-,중간,1
실시간CCTV,"7,730","24,000",1.1,18.2,0.02%,0.09%,높음,9
차량용DVR,< 10,< 10,0,0,-,-,높음,3
화면분할기,50,40,0,0.8,-,1.64%,높음,8
800만화소CCTV,40,40,0.6,0.5,1.43%,1.29%,높음,8
주택CCTV,90,270,0.4,10.8,0.43%,3.99%,높음,10
인천CCTV설치,20,50,0,1.5,-,4.52%,높음,9
가정집CCTV,60,170,1.6,9,2.86%,5.02%,높음,10
쓰레기무단투기CCTV,20,80,0,0.3,-,0.37%,높음,7
자이뷰,50,20,0.3,0,0.73%,-,높음,3
CCTV판매,100,40,0.3,1.3,0.25%,2.91%,높음,8
네트워크카메라,100,100,0.3,1,0.23%,1.02%,높음,8
방범카메라,70,150,0.8,3.3,1.08%,2%,높음,8
CCTVAPI,< 10,< 10,0,0,-,-,높음,3
카메라추천,"1,220","5,940",12.3,58,1.08%,1.08%,높음,8
버스CCTV,30,260,0.1,0.8,0.39%,0.31%,중간,8
편의점CCTV,10,100,0,0.3,-,0.26%,중간,8
CCTV전문업체,70,20,0.2,2.3,0.25%,7.76%,높음,10
현관용CCTV,20,60,0.1,2,0.5%,3.64%,높음,8
대구CCTV설치,40,60,0.3,2.6,0.77%,3.57%,높음,10
현장CCTV설치,10,< 10,0.1,0,1.43%,-,높음,7
매장CCTV설치비용,20,80,0.2,4.4,0.8%,5%,높음,10
식당CCTV설치,< 10,30,0,3.8,-,10.56%,높음,10
FXT,130,170,3.2,0.3,2.57%,0.2%,중간,5
FXTCCTV,150,390,6.1,5.8,4.02%,1.62%,중간,7
플렉스테크닉,10,30,2,0,10.72%,-,중간,3
주차장CCTV,70,150,0.2,3.2,0.3%,2.22%,높음,10
외부CCTV,210,570,3.5,10.5,1.55%,1.77%,높음,8
IOTCCTV,10,20,0.1,0.3,0.7%,0.9%,높음,8
홈CCTV설치,20,110,0.7,4.4,3.05%,3.93%,높음,10
인터넷씨씨티비,< 10,10,0,0.3,-,1.97%,높음,7
CCTV종류,70,150,1.1,3.2,1.62%,2.17%,높음,10
도난방지카메라,< 10,10,0,0,-,-,높음,3
태양열CCTV,100,380,0.5,5.8,0.48%,1.5%,높음,8
카페CCTV설치,10,10,0,0.5,-,2.64%,높음,7
가게인터넷,10,110,0.8,7.4,4%,6.67%,높음,10
업소CCTV,10,30,0.4,1.4,4.4%,4.38%,높음,9
CCTVAS,30,70,0.2,5,0.67%,6.85%,높음,10
독거노인CCTV,30,110,0.4,5.2,1.34%,5.14%,높음,10
펫CCTV,40,160,0.4,3,0.83%,2.05%,높음,8
보안설비,10,10,0,0,-,-,높음,3
비상경보기,30,20,0.4,0.8,1.21%,2.78%,높음,8
센서판매,< 10,< 10,0,0,-,-,높음,3
어린이집CCTV,80,270,0.3,0.2,0.38%,0.09%,높음,10
무인가게CCTV,< 10,20,0.3,0,4.09%,-,높음,7
CCTV카메라종류,90,30,0.1,0.5,0.16%,1.25%,중간,7
창고CCTV,30,40,0.4,1,1.59%,2.95%,높음,7
CCTV이전,< 10,< 10,0,0,-,-,높음,7
비투비CCTV,30,20,0.1,0,0.44%,-,높음,7
무인카메라,70,320,1.1,6.6,1.55%,2.17%,높음,10
사무실CCTV설치비용,10,10,0.4,0.5,2.68%,3.85%,높음,7
사무실카메라,40,10,0,0,-,-,높음,8
전원주택CCTV,70,100,0.7,3.4,0.88%,3.51%,높음,10
실내CCTV,80,230,0.5,3.3,0.6%,1.51%,높음,8
전원주택보안,10,20,0,0.3,-,0.97%,높음,9
실외용CCTV,70,300,0.8,2,0.99%,0.69%,높음,8
가정집보안,< 10,10,0.3,0.3,3.58%,1.86%,높음,7
CCTV교체,30,50,0.2,1.5,0.63%,2.73%,높음,10
농막CCTV추천,10,30,0.5,1,5.07%,2.95%,높음,8
카메라,"7,980","25,500",16.1,106.7,0.21%,0.45%,높음,8
CCTV매장,10,50,0.1,0.5,1.1%,0.93%,높음,7
회사CCTV설치,10,20,0,0.3,-,1.39%,높음,7
현관CCTV추천,50,250,0.8,9.3,1.48%,3.96%,높음,8
가정용감시카메라,30,140,0.5,4.2,1.67%,3.02%,높음,10
핸드폰CCTV,20,130,0.1,0.5,0.53%,0.39%,높음,7
송파CCTV,< 10,30,0,0,-,-,높음,7
IP카메라,"1,680","4,580",6.3,64,0.26%,0.57%,높음,8
회사CCTV,40,90,0.6,0.2,1.17%,0.29%,높음,7
도어CCTV,40,110,0.6,2.3,1.79%,2.14%,높음,8
홈카메라설치,< 10,20,0.1,1.3,2.05%,4.63%,높음,7
LGU플러스스마트홈,< 10,20,0,0.3,-,1.5%,높음,3
LG유플러스맘카,< 10,20,0,0.5,-,2.39%,높음,3
U+CCTV,40,100,0.5,4.5,1.25%,4.95%,높음,10
U+우리집지킴이,20,90,0.2,2,1.03%,2.14%,중간,6
맘카,70,340,0.2,4.9,0.29%,1.51%,중간,5
엘지유플러스우리집지킴이,< 10,10,0,0.3,-,1.7%,중간,4
우리집지킴이이지,< 10,10,0,0,-,-,높음,3
유플러스홈CCTV,< 10,20,0.4,0.8,5.89%,3.38%,중간,6
유플러스홈캠,130,620,0.3,7.8,0.24%,1.27%,중간,7
빌라CCTV수리,< 10,10,0.1,0.5,14.29%,5%,높음,7
홈CCTV추천,20,120,0.3,2.8,1.12%,2.46%,높음,10
단독주택보안,20,40,0.4,1.8,1.43%,3.98%,높음,10
가게CCTV,100,380,1.6,14,1.51%,3.84%,높음,10
시시티비카메라,30,60,0.4,4.3,1.14%,8.68%,중간,8
네트워크CCTV,20,20,0.1,0,0.57%,-,높음,8
CCTV800만화소,20,30,0.3,1.3,0.97%,4.47%,높음,8
돔CCTV,20,20,0.3,0.5,1.25%,2.78%,높음,8
집CCTV,90,410,0.9,11,1.19%,2.84%,높음,10
중고CCTV,50,50,1.2,2.5,1.85%,5.11%,높음,10
음식점CCTV,20,50,0,0,-,-,높음,7
부모님CCTV,20,40,0.2,2,0.96%,5.67%,높음,10
홈시시티비,10,90,0,3,-,3.62%,높음,8
400만화소CCTV,20,40,0.4,0.8,2.09%,2.15%,높음,8
AHDCCTV,20,20,0.1,0,0.63%,-,높음,7
CCTV무료설치,30,10,0.4,0.6,1.39%,4.09%,높음,7
아이피CCTV,10,< 10,0,0.5,-,5.56%,높음,7
적외선CCTV카메라,40,20,0.1,0.5,0.3%,1.93%,높음,8
딜라이브CCTV,60,120,2.5,6.5,4.24%,5.4%,높음,7
IPCCTV,200,320,1.6,0.8,0.73%,0.18%,높음,8
집안CCTV설치,< 10,20,0,0.8,-,3.95%,높음,7
야외CCTV,140,500,1.9,10.8,1.25%,2.24%,높음,8
야외용CCTV,50,120,0.4,1.3,0.8%,0.99%,높음,8
CCTV모형,280,940,1.9,13.5,0.69%,1.5%,높음,8
4KCCTV,60,110,0.6,2.3,1.06%,1.94%,높음,8
매장CCTV비용,< 10,10,0,0.3,-,2.5%,높음,7
가정CCTV설치,< 10,50,0.1,2.5,2.5%,4.63%,높음,10
축사CCTV설치,< 10,40,0.3,2.3,5.72%,5.63%,높음,7
부산CCTV,490,"1,420",2.5,11.8,0.57%,0.91%,높음,10
아파트CCTV,100,410,0.2,2.5,0.21%,0.65%,높음,10
농막CCTV,110,270,2.6,6,2.37%,2.2%,높음,8
애견CCTV,10,70,0,3,-,4.69%,높음,8
130만화소카메라,20,< 10,0,0.7,-,66.67%,높음,3
1채널CCTV,< 10,10,0,0,-,-,높음,3
4KCCTV카메라,< 10,< 10,0.7,0.6,13.05%,8%,중간,5
8CHCCTV,< 10,10,0,0,-,-,높음,3
CCTV관제센터,130,360,0.2,1.3,0.16%,0.38%,높음,10
CCTV라이브,20,30,0,0,-,-,높음,3
CCTV뷰,< 10,10,0,0,-,-,높음,3
CCTV중계기,< 10,10,0,0,-,-,높음,3
DVR4CH,< 10,< 10,0,0,-,-,높음,3
건설CCTV,< 10,< 10,1.1,0,19.05%,-,높음,7
단독주택CCTV설치비용,< 10,20,0,1.5,-,5.18%,높음,7
사무실카메라설치,10,20,0.9,0.8,5.36%,2.89%,높음,7
아이피캠,10,160,0.5,0,1.95%,-,중간,4
알프레드CCTV,200,520,0,0.7,-,0.18%,중간,2
야간칼라카메라,< 10,20,0,0.3,-,1.18%,높음,3
자가CCTV,< 10,10,0,0.6,-,5.41%,높음,7
자가CCTV설치,< 10,< 10,0,0,-,-,높음,3
코스트코CCTV,160,770,0.8,9.5,0.48%,1.28%,높음,8
CCTV할부,< 10,10,0.3,0.5,9.53%,5%,높음,7
가정집CCTV설치,10,30,0.4,1.8,4%,5.74%,높음,10
반려견CCTV,< 10,50,0.1,1.3,1.39%,2.56%,높음,8
가정용현관CCTV,30,90,0.5,5,1.67%,5.69%,높음,8
노인CCTV,20,90,1.1,5,5.5%,5.16%,높음,10
무인감시카메라,30,130,0.2,5.3,0.58%,4.61%,높음,10
CCTV녹화기,500,860,3.5,9,0.73%,1.13%,높음,8
고화질CCTV,90,110,0,1.8,-,1.53%,높음,8
동작감지CCTV,20,50,0,1.3,-,2.29%,높음,8
울산CCTV설치,10,30,0.7,0.6,4.38%,1.71%,높음,10
농막CCTV설치,< 10,30,0,1.5,-,5.36%,높음,7
적외선감지기,160,290,2.8,5.3,1.75%,1.92%,높음,8
무선CCTV추천,20,40,0.1,2.3,0.47%,5.63%,높음,8
CCTV유지보수,40,30,0,1.5,-,3.95%,높음,10
아산CCTV설치,10,< 10,0,0.5,-,6.67%,높음,7
업소용씨씨티비,< 10,20,0.2,1.4,5%,6.15%,높음,10
부산CCTV설치,30,70,0.9,3.8,3%,6.23%,높음,10
방범용카메라,20,90,0,1.8,-,2.02%,높음,8
실외CCTV카메라,10,50,0.1,0,0.7%,-,높음,8
CCTV보수,< 10,< 10,0,0,-,-,높음,3
CCTV판매업체,50,< 10,0,0,-,-,높음,7
현관카메라,140,460,1.8,15,1.21%,3.35%,높음,8
아파트현관CCTV,210,950,4,32.8,1.97%,3.54%,높음,8
HD카메라,20,50,0.1,0.3,0.76%,0.64%,높음,7
CCTV공사,60,30,0.2,1.7,0.36%,5.39%,중간,8
농장CCTV,10,30,0.5,0.8,3.85%,2.1%,높음,8
CCTV도매몰,20,10,0.9,1,3.18%,6.25%,높음,7
가정용실외CCTV,30,30,0.1,0.3,0.37%,0.72%,높음,8
시큐리티,850,"3,180",0.8,5.7,0.1%,0.2%,높음,10
집앞CCTV,90,570,0.6,18,0.69%,3.3%,높음,10
일산CCTV설치,< 10,20,0.1,0.3,2.05%,1.32%,높음,7
아파트보안,20,60,0.1,1,0.46%,1.52%,높음,10
홈카메라,600,"3,110",6.1,65.3,1.07%,2.09%,높음,8
부산CCTV설치업체,20,30,1.5,2.2,5%,10.48%,높음,10
무인CCTV,10,40,0,0.8,-,1.64%,높음,8
전국CCTV,880,"1,470",0.1,1.8,0.02%,0.13%,높음,10
CCTVRJ45,< 10,< 10,0,0,-,-,높음,3
CCTV카메라수리,< 10,10,0.4,0.5,7.15%,4.45%,높음,7
도로교통CCTV,"1,710","7,300",1.5,1.6,0.1%,0.03%,중간,4
JWCCCTV,450,"1,080",3.5,25.5,0.83%,2.55%,높음,8
주택용CCTV,10,30,0.2,3.4,1.29%,8.29%,높음,9
KT텔레캅보안,< 10,30,0.3,1.3,4%,4.14%,중간,4
KT텔레캅출퇴근,< 10,< 10,0,0,-,-,높음,3
기가아이즈가드,< 10,< 10,1,0,50%,-,중간,1
케이티텔레캅토탈서비스,50,30,2.9,1.1,5%,2.74%,낮음,2
텔레캅토탈서비스,< 10,< 10,0,0,-,-,낮음,0
KT텔레캅카드,< 10,< 10,0,0.3,-,3.58%,높음,3
KT근태관리,20,< 10,0.6,0,4%,-,중간,3
KTTELECAP,< 10,< 10,0.3,0.4,16.67%,20%,높음,3
KT출입통제관리,< 10,< 10,0,0,-,-,높음,3
텔레캅CCTV,10,10,0,0.8,-,4.55%,높음,7
텔레캅,"1,000",720,0.6,2.7,0.07%,0.42%,중간,7
KT텔레캅출동,10,60,0,1.6,-,2.86%,중간,6
소형카메라,880,"3,990",9.1,118.1,1.09%,3.2%,높음,10
아파트안전용품,< 10,< 10,0.1,0,2.86%,-,높음,7
애완동물커뮤니티,< 10,< 10,0.2,0.3,4.35%,25%,중간,5
올레KT텔레캅,< 10,< 10,0,0,-,-,낮음,0
적외선경보기,10,150,0.3,1.8,1.79%,1.18%,높음,8
지문등록기,40,30,0.1,1.3,0.29%,4.32%,높음,8
지문인식출퇴근기록,40,40,1.7,2.8,4.52%,7.81%,높음,7
출입제어,< 10,< 10,0,0,-,-,높음,3
회사도어락,< 10,10,0.3,0,3.18%,-,높음,7
AHDDVR,< 10,< 10,0,0,-,-,높음,3
CCTV브라켓,290,300,2.3,4,0.78%,1.35%,높음,8
강아지홈CCTV,< 10,30,0,1.5,-,4.42%,높음,8
클라우드카메라,10,190,0,1,-,0.63%,높음,8
피플카운터,100,30,2.3,1.8,2.31%,5.15%,높음,9
KT홈가드,< 10,< 10,0,0,-,-,높음,3
페이스캅,< 10,< 10,0,0,-,-,중간,1
CCTV수리,100,250,1.7,6,1.59%,2.51%,높음,10
CCTV용모니터,100,140,1.1,4.8,1.09%,3.48%,높음,8
세컴,60,180,0.5,3.5,0.79%,1.94%,중간,4
출동보안,< 10,< 10,0,0,-,-,높음,7
텔레캅비용,< 10,20,0.3,1,4.26%,5%,높음,7
세이콤,40,180,0.6,1.5,2.33%,2.3%,낮음,2
KT텔레캅대리점,< 10,< 10,0,0,-,-,중간,4
KT텔레캅견적,< 10,< 10,0,0,-,-,높음,7
국산CCTV,150,550,1.9,19.3,1.13%,3.21%,높음,8
단독주택방범,< 10,< 10,0,0,-,-,높음,7
KT텔레캅설치,< 10,< 10,0.1,0.3,2.86%,4.17%,높음,7
홈도어가드,10,40,0.3,0.8,1.91%,2.03%,높음,7
CCTV클라우드,20,30,0.5,1.8,1.93%,5.31%,높음,8
CCTV경비,< 10,< 10,0,0.3,-,10%,높음,7
쌔콤,30,120,0.9,5.5,2.71%,4.17%,중간,3
CCTV본체,70,160,0.1,2,0.18%,1.29%,높음,8
화재감지시스템,10,10,0.3,0,2.6%,-,높음,7
집안CCTV,30,220,0.3,8.3,0.76%,3.67%,높음,8
홍체인식,< 10,< 10,0,0,-,-,높음,7
출입시스템,30,30,1.1,0.6,3.37%,2.15%,높음,7
화재감지CCTV,30,10,2.4,0,7.36%,-,높음,7
실외무선CCTV,60,150,0.3,2.3,0.38%,1.59%,높음,8
사무실세콤,10,< 10,0.5,0,5%,-,높음,7
와이파이CCTV,170,470,2.3,2.8,1.31%,0.6%,높음,8
현관문방범,10,40,0,0.3,-,0.55%,높음,8
캡스가격,50,170,0.4,4.8,0.78%,2.61%,높음,10
펫캠,540,"2,480",5,44.8,0.96%,1.86%,높음,8
화재감시CCTV,10,10,1.1,0,5.72%,-,높음,7
무선CCTV,"1,730","6,200",17.1,107,1.05%,1.87%,높음,8
도난방지시스템,30,40,2.1,0.8,7.39%,1.79%,높음,7
반려동물CCTV,10,70,0.1,1.3,0.79%,1.77%,높음,8
열감지센서,80,200,0.3,4.5,0.36%,2.24%,높음,10
시골집CCTV,20,120,0.4,3.8,1.6%,3.28%,높음,10
스피드돔카메라,40,20,0.1,0.3,0.27%,1%,높음,8
캡스CCTV가격,10,80,0.2,2.8,1.18%,2.93%,높음,10
실내카메라,40,130,0.3,1.5,0.76%,1.27%,높음,8
방범보안,< 10,< 10,0,0,-,-,높음,7
현관문보안,30,140,0,3.5,-,2.29%,높음,10
창문경보기,50,100,1,2,1.94%,2.11%,높음,8
출입문CCTV,10,50,0.1,1.3,0.74%,2.36%,높음,8
출동경비,< 10,10,0.1,0.8,1.59%,4.69%,높음,7
방범,280,720,0.1,2.5,0.05%,0.38%,높음,8
1인가구보안,< 10,10,0,0.3,-,4%,높음,7
